-- phpMyAdmin SQL Dump
-- version 5.0.3
-- https://www.phpmyadmin.net/
--
-- Host: 127.0.0.1
-- Waktu pembuatan: 18 Jun 2021 pada 08.13
-- Versi server: 10.4.14-MariaDB
-- Versi PHP: 7.2.34

SET SQL_MODE = "NO_AUTO_VALUE_ON_ZERO";
START TRANSACTION;
SET time_zone = "+00:00";


/*!40101 SET @OLD_CHARACTER_SET_CLIENT=@@CHARACTER_SET_CLIENT */;
/*!40101 SET @OLD_CHARACTER_SET_RESULTS=@@CHARACTER_SET_RESULTS */;
/*!40101 SET @OLD_COLLATION_CONNECTION=@@COLLATION_CONNECTION */;
/*!40101 SET NAMES utf8mb4 */;

--
-- Database: `buah`
--

-- --------------------------------------------------------

--
-- Struktur dari tabel `ci_sessions`
--

CREATE TABLE `ci_sessions` (
  `id` varchar(128) NOT NULL,
  `ip_address` varchar(45) NOT NULL,
  `timestamp` int(10) UNSIGNED NOT NULL DEFAULT 0,
  `data` blob NOT NULL
) ENGINE=InnoDB DEFAULT CHARSET=utf8mb4;

--
-- Dumping data untuk tabel `ci_sessions`
--

INSERT INTO `ci_sessions` (`id`, `ip_address`, `timestamp`, `data`) VALUES
('ac91hlcjk36pu99d6lfe1odfpqr8f815', '::1', 1603688646, 0x5f5f63695f6c6173745f726567656e65726174657c693a313630333638383634363b7265646972656374696f6e7c4e3b5f5f4143544956455f53455353494f4e5f444154417c733a3235363a223936653737313364393361616164366139393436326437636431363133663463306238666230323261346537326631356566366134393332636438663231393137633930633334303362396638356130623230663062646536393833633234363732636339393064656134336364373662323864616132373731623430383864796453443947666c6747716c3139784c35514238573831664a2f3866426b704b30426f5733615045384c53637163396e342f7353794150496662346f5536344d374f456e33316558557444646e7576655176796c4e645a7869545872782f39522b53463575624e72444b6e38584f4559756645456b4e4d347035704752476d35223b),
('eapgcstehb2ib1ha0eiae392tb1pjg39', '::1', 1603691650, 0x5f5f63695f6c6173745f726567656e65726174657c693a313630333639313635303b7265646972656374696f6e7c4e3b5f5f4143544956455f53455353494f4e5f444154417c733a3235363a223936653737313364393361616164366139393436326437636431363133663463306238666230323261346537326631356566366134393332636438663231393137633930633334303362396638356130623230663062646536393833633234363732636339393064656134336364373662323864616132373731623430383864796453443947666c6747716c3139784c35514238573831664a2f3866426b704b30426f5733615045384c53637163396e342f7353794150496662346f5536344d374f456e33316558557444646e7576655176796c4e645a7869545872782f39522b53463575624e72444b6e38584f4559756645456b4e4d347035704752476d35223b),
('o79rj85c5ok5kp4laecl06u2gsilgalj', '::1', 1603691951, 0x5f5f63695f6c6173745f726567656e65726174657c693a313630333639313935313b5f5f4143544956455f53455353494f4e5f444154417c733a3235363a22613566386561653366646162336235336366393362323331336666306232373434363763383134373134313530663264326339613731336461363834353465373363356365336638663633353735313135643166306636613833623633373563313836643136316263656363643938346537343438333065663436636431386571592b316531747379434872624c454e37464a6a4c3042704e45356e7a4134356c786571574b77333638796f52494a365a49495573742b5178577a706f53373468655870664f79504e49656d3037584a4a506456317636434e4c3358315769744745675659333769655572777a2b3571456348586f45316131654b656c43677a223b),
('kak0av6p29vrlhqf2l6qu730c336e7il', '::1', 1603692261, 0x5f5f63695f6c6173745f726567656e65726174657c693a313630333639323236313b5f5f4143544956455f53455353494f4e5f444154417c733a3235363a22333639393239303730383563623232663935393231393734353836383434613236373932396531366365316663386538306163393937643862613735643937376237643261396135633033343463656665303632306263613962666263633464363263353530373630343864326262336234616637623262373033353061383379576762744c662b344350796d684f4e714f38576669454c7937682b4a4b34356461615132526239327538384258556568623850355a65422b54733267354c61552b36767a61792f4153497638656c6e4e48706f4841626e2b61794137504a52354345565645315339676449394c6a4c662f6163756e6d6a6169583037466f50223b),
('nl6h861v72l3gqbv07cmlp7nvkrl1sdr', '::1', 1603692564, 0x5f5f63695f6c6173745f726567656e65726174657c693a313630333639323536343b5f5f4143544956455f53455353494f4e5f444154417c733a3235363a22333639393239303730383563623232663935393231393734353836383434613236373932396531366365316663386538306163393937643862613735643937376237643261396135633033343463656665303632306263613962666263633464363263353530373630343864326262336234616637623262373033353061383379576762744c662b344350796d684f4e714f38576669454c7937682b4a4b34356461615132526239327538384258556568623850355a65422b54733267354c61552b36767a61792f4153497638656c6e4e48706f4841626e2b61794137504a52354345565645315339676449394c6a4c662f6163756e6d6a6169583037466f50223b6f726465725f7175616e746974797c613a303a7b7d746f74616c5f70726963657c693a353030303b7265646972656374696f6e7c733a36383a226148523063446f764c327876593246736147397a644339306232747658334e68655856794c326c755a4756344c6e426f6343397a614739774c324e6f5a574e7262335630223b636172745f636f6e74656e74737c613a333a7b733a31303a22636172745f746f74616c223b643a31333030303b733a31313a22746f74616c5f6974656d73223b643a313b733a33323a226338316537323864396434633266363336663036376638396363313438363263223b613a363a7b733a323a226964223b733a313a2232223b733a333a22717479223b643a313b733a353a227072696365223b643a31333030303b733a343a226e616d65223b733a31303a224150454c204d45524148223b733a353a22726f776964223b733a33323a226338316537323864396434633266363336663036376638396363313438363263223b733a383a22737562746f74616c223b643a31333030303b7d7d),
('o5e7q06stiia8hfcp9l9esfafbcodi06', '::1', 1603692870, 0x5f5f63695f6c6173745f726567656e65726174657c693a313630333639323837303b7265646972656374696f6e7c4e3b5f5f4143544956455f53455353494f4e5f444154417c733a3235363a22333261313836646664663831656265343365653034373531653139336633336537356330306262636663343161363430383234646266653761616431613930313933363264643865623135383566306337666330313934346337346561653563616166653533356666653466323237366438623534653035376365323939303044386271783562325538753062736e2f3352374f5559622f344a595877574a30314a664b627349723654364f7954557a59465872707a492f704c4f592b7337474e58674b5633516e5a54415856755436684d39675134766b3935744d665277336e456d59474c654f5632573451735a4e446f4237366b754b4a74646847324a61223b),
('bnkmkfdbgm1fg81rrr1rk6ggpg8ovmsv', '::1', 1603693236, 0x5f5f63695f6c6173745f726567656e65726174657c693a313630333639333233363b7265646972656374696f6e7c4e3b5f5f4143544956455f53455353494f4e5f444154417c733a3235363a2239313663353538336562373537623261303965333436303331343832306634636230373138343164643232323937653661643430303431666432643334356432376464363334393363386435613966313364613533646639346362306363663463323532396664343232343663353662366538303465333062326165633533366775316e656c4b4a62544a4c4c304368544547644e6854662f525455715365655939654b334a65455654654c7757786a5a6e4378364471567a796966512f347970467a346c6253316e4f684877597058515673474b55756a445977514e456b6e3846326966435464727a5570394b624a56746565314d595049346f3167705931223b),
('v9efbigk2bu45eir97nalidhgr0fflc9', '::1', 1603693258, 0x5f5f63695f6c6173745f726567656e65726174657c693a313630333639333233363b7265646972656374696f6e7c4e3b5f5f4143544956455f53455353494f4e5f444154417c733a3235363a2239313663353538336562373537623261303965333436303331343832306634636230373138343164643232323937653661643430303431666432643334356432376464363334393363386435613966313364613533646639346362306363663463323532396664343232343663353662366538303465333062326165633533366775316e656c4b4a62544a4c4c304368544547644e6854662f525455715365655939654b334a65455654654c7757786a5a6e4378364471567a796966512f347970467a346c6253316e4f684877597058515673474b55756a445977514e456b6e3846326966435464727a5570394b624a56746565314d595049346f3167705931223b),
('i447iths9psu3i8en2fu9691mfbtki93', '::1', 1603698056, 0x5f5f63695f6c6173745f726567656e65726174657c693a313630333639383035363b7265646972656374696f6e7c4e3b5f5f4143544956455f53455353494f4e5f444154417c733a3235363a22316339316339323239363633373534306533666466376232626166643638303263383838323063363265633731626238333834653033333939393138613461346366643134343834656333323663636239393233376161356562313237303362613966306433646630396230326438646539316233623035623032623636373370677a504e35304f77706c51546871363963554d4a4b6348433252697245553631667a37516a396d346674486934532b4f6e422b6430493970775643525462666754394251775074384f5044726e574849575a685641343543514d3862344763466534466c3548344e4b427178574b7a55664839786c7369705773574e566579223b),
('vse0cu3b7shk15q1a5hvuibdgc26u6nf', '::1', 1603698099, 0x5f5f63695f6c6173745f726567656e65726174657c693a313630333639383035363b7265646972656374696f6e7c4e3b5f5f4143544956455f53455353494f4e5f444154417c733a3235363a22316339316339323239363633373534306533666466376232626166643638303263383838323063363265633731626238333834653033333939393138613461346366643134343834656333323663636239393233376161356562313237303362613966306433646630396230326438646539316233623035623032623636373370677a504e35304f77706c51546871363963554d4a4b6348433252697245553631667a37516a396d346674486934532b4f6e422b6430493970775643525462666754394251775074384f5044726e574849575a685641343543514d3862344763466534466c3548344e4b427178574b7a55664839786c7369705773574e566579223b),
('9jmafkfa38du7o9ki852dap7rultjmcl', '::1', 1603700770, 0x5f5f63695f6c6173745f726567656e65726174657c693a313630333730303736323b7265646972656374696f6e7c4e3b5f5f4143544956455f53455353494f4e5f444154417c733a3235363a22373163386333623736636263633639353865666332626563643162333932363135383165366230623332353632346363373137363566306163643631623035313664646338393266363064636232303930333435646165613337366431653765663631326632343533653765336232393932303931653232373232303363303356736755766e3578322f7a7144562f445134635a544c5546424a424c747479304c5254347573646a456d3759486c6e5659516664356c4259584842477a4d4f4d4374446a44523459316d4954354b4c514e6f4b537174654b535765594f676f30596573517a436d554c6c72345a685242726a7562654f6c4b496c545956523567223b),
('shtel2g73g7o4mp6hrstvtrsr33va7mr', '::1', 1603765658, 0x5f5f63695f6c6173745f726567656e65726174657c693a313630333736353633323b7265646972656374696f6e7c4e3b5f5f4143544956455f53455353494f4e5f444154417c733a3235363a223861663962346237346630306139366463656331366165373162336433336638636531653961613835346632373131616431373530643163613036623765303231653932386530623236333230653938393061396534393464663937376264323266396134393639613939626338346134626164633430366263636265653334417336436c4578716c48594f4c43754733764f416468463664773041586c5951744a504e2f504c4f5775774d6b4c776262767752634e4a34706b324e6c37376750572b31386475514e5a78734d61535a5148527779724d51306433547870534f476f6839414c5a595a4e72716c414534374749497173674e6b4d446968766578223b),
('n9fm48lmvgrcc24rutqc908s3eerfolf', '::1', 1618975884, 0x5f5f63695f6c6173745f726567656e65726174657c693a313631383937353838343b7265646972656374696f6e7c733a36383a226148523063446f764c327876593246736147397a644339306232747658324a31595767766157356b5a586775634768774c334e6f623341765932686c593274766458513d223b5f5f4143544956455f53455353494f4e5f444154417c733a3235363a2237366237356132383030636339396337363361383134653238363363633838343761633738366463363132356437616533316537626235326165393565303132393563616166623531623632306336303865613261636262656539613334316464363538346564373635316664346231393862616637323137636532306233354d4838636c6d4e4a2b617a74536c727a424778636c38777666752f552b70527973633861454d6e5a5554717748343977534f746942696c7838796f4f645659382b6e4c4154676c55713645355177786654703145626a6f7633595478485a573863627071416537644e69622f384432756a48744d7934694c4547322f684f7a2f223b),
('kq8cedua976noi0710pdkbjq6dt269s4', '::1', 1618975939, 0x5f5f63695f6c6173745f726567656e65726174657c693a313631383937353838343b7265646972656374696f6e7c733a36383a226148523063446f764c327876593246736147397a644339306232747658324a31595767766157356b5a586775634768774c334e6f623341765932686c593274766458513d223b5f5f4143544956455f53455353494f4e5f444154417c733a3235363a2237366237356132383030636339396337363361383134653238363363633838343761633738366463363132356437616533316537626235326165393565303132393563616166623531623632306336303865613261636262656539613334316464363538346564373635316664346231393862616637323137636532306233354d4838636c6d4e4a2b617a74536c727a424778636c38777666752f552b70527973633861454d6e5a5554717748343977534f746942696c7838796f4f645659382b6e4c4154676c55713645355177786654703145626a6f7633595478485a573863627071416537644e69622f384432756a48744d7934694c4547322f684f7a2f223b),
('53ons0j8n09gmfvhcjm0irajlqdmqf8j', '::1', 1623118218, 0x5f5f63695f6c6173745f726567656e65726174657c693a313632333131383231383b7265646972656374696f6e7c4e3b6c6f67696e5f666c6173687c733a31353a2250617373776f72642073616c616821223b5f5f63695f766172737c613a323a7b733a31313a226c6f67696e5f666c617368223b733a333a226f6c64223b733a31323a226f6c645f757365726e616d65223b733a333a226f6c64223b7d6f6c645f757365726e616d657c733a343a226e616e61223b),
('83kbmuo0s4o9q4oq1ceefsjkt7roholg', '::1', 1623118662, 0x5f5f63695f6c6173745f726567656e65726174657c693a313632333131383636323b7265646972656374696f6e7c4e3b),
('ac8cpmsugl209a0fv8c9u20g45j4r8ao', '::1', 1623119133, 0x5f5f63695f6c6173745f726567656e65726174657c693a313632333131393133333b7265646972656374696f6e7c4e3b6c6f67696e5f666c6173687c733a31353a2250617373776f72642073616c616821223b5f5f63695f766172737c613a323a7b733a31313a226c6f67696e5f666c617368223b733a333a226f6c64223b733a31323a226f6c645f757365726e616d65223b733a333a226f6c64223b7d6f6c645f757365726e616d657c733a353a2261646d696e223b),
('kqdpsam3jrfd6n093k55deirg1nbqomv', '::1', 1623119462, 0x5f5f63695f6c6173745f726567656e65726174657c693a313632333131393436323b7265646972656374696f6e7c4e3b5f5f4143544956455f53455353494f4e5f444154417c733a3235363a22326364353561333136633162333334393564366239393133386564383339323565326637373134613565646332303364353537383533633662323438643933396666386336313064343035343731626135333032333865353166623966353630653230376363333730646330366163613734613937393233306230313635636264524a616c724f5251444863512b4f543151327873726a484f68335557395366553532775845414e76726834346442686a624b6a4c734273455a703367492f586774724b466a72517972494f493338642b4a424c323758623669745575634e332b376d5050446570486d494f5366396674706e2b6a31664344526563382f7733223b),
('4qp5r5nt6l6go60hh91fsob3k328mcbm', '::1', 1623119764, 0x5f5f63695f6c6173745f726567656e65726174657c693a313632333131393736343b7265646972656374696f6e7c4e3b5f5f4143544956455f53455353494f4e5f444154417c733a3235363a22303337373062633337643534396161653832323130623032653237343730363835623034643463333363343138346466666164646163353562626235656137336230646661366466336361333966613633633961343266373134636665643531326563393931326362393032336233303031323932366365323134666330373766562b6a623074533241434354624b707a57626178726f56625965593472553939676463454657504e476e716e387243646b6f7874397530734731554c7a664d772b637130445055724b346c304669574565434c556b4969564a39777167502b38643636423038356e48377673796a755546624e636a456e312b646c356f3059223b),
('eob7nv8s90icmkba1pqpaa80geafnj6p', '::1', 1623120069, 0x5f5f63695f6c6173745f726567656e65726174657c693a313632333132303036393b7265646972656374696f6e7c4e3b5f5f4143544956455f53455353494f4e5f444154417c733a3235363a22303337373062633337643534396161653832323130623032653237343730363835623034643463333363343138346466666164646163353562626235656137336230646661366466336361333966613633633961343266373134636665643531326563393931326362393032336233303031323932366365323134666330373766562b6a623074533241434354624b707a57626178726f56625965593472553939676463454657504e476e716e387243646b6f7874397530734731554c7a664d772b637130445055724b346c304669574565434c556b4969564a39777167502b38643636423038356e48377673796a755546624e636a456e312b646c356f3059223b),
('f58u84f88tstres9839oeatnham95so0', '::1', 1623120379, 0x5f5f63695f6c6173745f726567656e65726174657c693a313632333132303337393b7265646972656374696f6e7c4e3b5f5f4143544956455f53455353494f4e5f444154417c733a3235363a22303337373062633337643534396161653832323130623032653237343730363835623034643463333363343138346466666164646163353562626235656137336230646661366466336361333966613633633961343266373134636665643531326563393931326362393032336233303031323932366365323134666330373766562b6a623074533241434354624b707a57626178726f56625965593472553939676463454657504e476e716e387243646b6f7874397530734731554c7a664d772b637130445055724b346c304669574565434c556b4969564a39777167502b38643636423038356e48377673796a755546624e636a456e312b646c356f3059223b),
('56tpib95ubhv3ofshhhjgvjo4ch717qp', '::1', 1623120435, 0x5f5f63695f6c6173745f726567656e65726174657c693a313632333132303337393b7265646972656374696f6e7c4e3b5f5f4143544956455f53455353494f4e5f444154417c733a3235363a22303337373062633337643534396161653832323130623032653237343730363835623034643463333363343138346466666164646163353562626235656137336230646661366466336361333966613633633961343266373134636665643531326563393931326362393032336233303031323932366365323134666330373766562b6a623074533241434354624b707a57626178726f56625965593472553939676463454657504e476e716e387243646b6f7874397530734731554c7a664d772b637130445055724b346c304669574565434c556b4969564a39777167502b38643636423038356e48377673796a755546624e636a456e312b646c356f3059223b),
('7tdfmf60orkg4lo3g8afl1jdorg27tgo', '::1', 1623981491, 0x5f5f63695f6c6173745f726567656e65726174657c693a313632333938313439313b),
('41bfbnvn8pfd18lihc69qib61p7bhf88', '::1', 1623981796, 0x5f5f63695f6c6173745f726567656e65726174657c693a313632333938313739363b7265646972656374696f6e7c4e3b5f5f4143544956455f53455353494f4e5f444154417c733a3235363a2237626262616435383937376133376161326134353739303033613330653635376364383562623564326337323366393266666361363765313965383263353239343130353062653635653162373932336263363130393337383631303061316561313463623665343366623930326233666233616462346361386363366438613245724f70547267504d5967584c653936694d4570582b305343715a4b37616d736c6567444e676a3262324b576a47724d645942374f5a59767a47337465696261626c664b5548614836497a457469736a3075466a4c54656c77635930564474355a50554736326c564233476d5a5a436656364931637156684b334b54544a74223b),
('ns4o8t71r46doqv9tos6fvb0ou8loh4j', '::1', 1623982250, 0x5f5f63695f6c6173745f726567656e65726174657c693a313632333938323235303b7265646972656374696f6e7c4e3b5f5f4143544956455f53455353494f4e5f444154417c733a3235363a2265336461666261333436383763623336346339616163373633373134363966383362373433656264303139666162626364626335313936393961333734393465343733643765316465363566643735393935643138306635303039636163646661326139326131353361303364363362373333313563623962663562386634364e48553346784f2f4c535737706332777557533669324e7a4c4a5876426161494875305833613045454b4a765562555369504a43646c537057584e336c54794b437964354676484b475a2f4e53533361535551624c534a6362436267716272674634706f5a2b4330664c565a646772655a2b727871765572697a77716a397a67223b636172745f636f6e74656e74737c613a333a7b733a31303a22636172745f746f74616c223b643a31333030303b733a31313a22746f74616c5f6974656d73223b643a313b733a33323a226338316537323864396434633266363336663036376638396363313438363263223b613a363a7b733a323a226964223b733a313a2232223b733a333a22717479223b643a313b733a353a227072696365223b643a31333030303b733a343a226e616d65223b733a31303a224150454c204d45524148223b733a353a22726f776964223b733a33323a226338316537323864396434633266363336663036376638396363313438363263223b733a383a22737562746f74616c223b643a31333030303b7d7d6f726465725f7175616e746974797c613a313a7b693a323b613a323a7b733a333a22717479223b643a313b733a353a227072696365223b643a31333030303b7d7d746f74616c5f70726963657c643a31383030303b),
('ulobglj6ft0qqjtuqqfbbpil4mgqo0b8', '::1', 1623982585, 0x5f5f63695f6c6173745f726567656e65726174657c693a313632333938323538353b7265646972656374696f6e7c4e3b5f5f4143544956455f53455353494f4e5f444154417c733a3235363a2265336461666261333436383763623336346339616163373633373134363966383362373433656264303139666162626364626335313936393961333734393465343733643765316465363566643735393935643138306635303039636163646661326139326131353361303364363362373333313563623962663562386634364e48553346784f2f4c535737706332777557533669324e7a4c4a5876426161494875305833613045454b4a765562555369504a43646c537057584e336c54794b437964354676484b475a2f4e53533361535551624c534a6362436267716272674634706f5a2b4330664c565a646772655a2b727871765572697a77716a397a67223b6f726465725f7175616e746974797c613a313a7b693a323b613a323a7b733a333a22717479223b643a313b733a353a227072696365223b643a31333030303b7d7d746f74616c5f70726963657c643a31383030303b),
('7ifcjbnn20iuto33ivg9c68ustdqrbf2', '::1', 1623983158, 0x5f5f63695f6c6173745f726567656e65726174657c693a313632333938333135383b7265646972656374696f6e7c4e3b5f5f4143544956455f53455353494f4e5f444154417c733a3235363a2265336461666261333436383763623336346339616163373633373134363966383362373433656264303139666162626364626335313936393961333734393465343733643765316465363566643735393935643138306635303039636163646661326139326131353361303364363362373333313563623962663562386634364e48553346784f2f4c535737706332777557533669324e7a4c4a5876426161494875305833613045454b4a765562555369504a43646c537057584e336c54794b437964354676484b475a2f4e53533361535551624c534a6362436267716272674634706f5a2b4330664c565a646772655a2b727871765572697a77716a397a67223b6f726465725f7175616e746974797c613a313a7b693a323b613a323a7b733a333a22717479223b643a313b733a353a227072696365223b643a31333030303b7d7d746f74616c5f70726963657c643a31383030303b),
('g1tvede2m3m6783r7s604lu2l90ml49c', '::1', 1623983683, 0x5f5f63695f6c6173745f726567656e65726174657c693a313632333938333638333b7265646972656374696f6e7c4e3b5f5f4143544956455f53455353494f4e5f444154417c733a3235363a2265336461666261333436383763623336346339616163373633373134363966383362373433656264303139666162626364626335313936393961333734393465343733643765316465363566643735393935643138306635303039636163646661326139326131353361303364363362373333313563623962663562386634364e48553346784f2f4c535737706332777557533669324e7a4c4a5876426161494875305833613045454b4a765562555369504a43646c537057584e336c54794b437964354676484b475a2f4e53533361535551624c534a6362436267716272674634706f5a2b4330664c565a646772655a2b727871765572697a77716a397a67223b6f726465725f7175616e746974797c613a313a7b693a323b613a323a7b733a333a22717479223b643a313b733a353a227072696365223b643a31333030303b7d7d746f74616c5f70726963657c643a31383030303b),
('q2ul31niqk6i11456gl99tvhnh6h9mpa', '::1', 1623984108, 0x5f5f63695f6c6173745f726567656e65726174657c693a313632333938343130383b7265646972656374696f6e7c4e3b5f5f4143544956455f53455353494f4e5f444154417c733a3235363a2265336461666261333436383763623336346339616163373633373134363966383362373433656264303139666162626364626335313936393961333734393465343733643765316465363566643735393935643138306635303039636163646661326139326131353361303364363362373333313563623962663562386634364e48553346784f2f4c535737706332777557533669324e7a4c4a5876426161494875305833613045454b4a765562555369504a43646c537057584e336c54794b437964354676484b475a2f4e53533361535551624c534a6362436267716272674634706f5a2b4330664c565a646772655a2b727871765572697a77716a397a67223b6f726465725f7175616e746974797c613a313a7b693a323b613a323a7b733a333a22717479223b643a313b733a353a227072696365223b643a31333030303b7d7d746f74616c5f70726963657c643a31383030303b),
('1mgorh5so6aojm9s5ki1rsvmh4b31bjn', '::1', 1623984501, 0x5f5f63695f6c6173745f726567656e65726174657c693a313632333938343530313b7265646972656374696f6e7c4e3b5f5f4143544956455f53455353494f4e5f444154417c733a3235363a2265336461666261333436383763623336346339616163373633373134363966383362373433656264303139666162626364626335313936393961333734393465343733643765316465363566643735393935643138306635303039636163646661326139326131353361303364363362373333313563623962663562386634364e48553346784f2f4c535737706332777557533669324e7a4c4a5876426161494875305833613045454b4a765562555369504a43646c537057584e336c54794b437964354676484b475a2f4e53533361535551624c534a6362436267716272674634706f5a2b4330664c565a646772655a2b727871765572697a77716a397a67223b6f726465725f7175616e746974797c613a313a7b693a323b613a323a7b733a333a22717479223b643a313b733a353a227072696365223b643a31333030303b7d7d746f74616c5f70726963657c643a31383030303b),
('5c72l4bomb3k4kgmn5qrds2jql9grkct', '::1', 1623984868, 0x5f5f63695f6c6173745f726567656e65726174657c693a313632333938343836383b7265646972656374696f6e7c4e3b5f5f4143544956455f53455353494f4e5f444154417c733a3235363a2265336461666261333436383763623336346339616163373633373134363966383362373433656264303139666162626364626335313936393961333734393465343733643765316465363566643735393935643138306635303039636163646661326139326131353361303364363362373333313563623962663562386634364e48553346784f2f4c535737706332777557533669324e7a4c4a5876426161494875305833613045454b4a765562555369504a43646c537057584e336c54794b437964354676484b475a2f4e53533361535551624c534a6362436267716272674634706f5a2b4330664c565a646772655a2b727871765572697a77716a397a67223b6f726465725f7175616e746974797c613a313a7b693a323b613a323a7b733a333a22717479223b643a313b733a353a227072696365223b643a31333030303b7d7d746f74616c5f70726963657c643a31383030303b),
('pvv2qm6gohmekq142jglgb62r16eoq95', '::1', 1623985308, 0x5f5f63695f6c6173745f726567656e65726174657c693a313632333938353330383b7265646972656374696f6e7c4e3b6f726465725f7175616e746974797c613a313a7b693a323b613a323a7b733a333a22717479223b643a313b733a353a227072696365223b643a31333030303b7d7d746f74616c5f70726963657c643a31383030303b5f5f4143544956455f53455353494f4e5f444154417c733a3235363a22333136333964383266353838393463633137366261363939656365363765346537333539653433346237346533326537323439383334393036366436373833646534373333623465666535366432396432666438336239393833373534306134313962323862336163383638313839366265396130343932636439353236303349344a5934796d417a465255714668313050725478436b4a375836506c4961794f4e454238354441457570447170445a59684d524e33614667442b54555746502b6a765758394f51584d3435394c71453635456b444f51444c2f49473765423033467a4532393877646f6f32656c61454c3559446157482f586d47617a366d57223b),
('j7suu557jfad5i3u1maelqf5ig83ou5p', '::1', 1623986303, 0x5f5f63695f6c6173745f726567656e65726174657c693a313632333938363330333b7265646972656374696f6e7c4e3b6f726465725f7175616e746974797c613a313a7b693a323b613a323a7b733a333a22717479223b643a313b733a353a227072696365223b643a31333030303b7d7d746f74616c5f70726963657c643a31383030303b5f5f4143544956455f53455353494f4e5f444154417c733a3235363a223363313563313936363566363638633932376436656162393239663263326561326463313337393039663531313866376437303666343761336434616532326630633739333534323838346637356330346531333138373034393566346164306462616334356531376162326663386362373834623764633263643038623633684345637650376b63612b435557516944616d48634f2f69756130675342414551666651474d4d44583055485565663268745a4b366a494c6674736c49746b6658414d644a335649364c67786c4c2b7a7a624a6f355938366d754352366d6841496f574d7330644334597941316b537a3467576568525366707a6b5a6a726359223b),
('ii8jq22rgbn2kv5v0p4lqi580d921n5t', '::1', 1623986604, 0x5f5f63695f6c6173745f726567656e65726174657c693a313632333938363630343b7265646972656374696f6e7c4e3b6f726465725f7175616e746974797c613a313a7b693a323b613a323a7b733a333a22717479223b643a313b733a353a227072696365223b643a31333030303b7d7d746f74616c5f70726963657c643a31383030303b5f5f4143544956455f53455353494f4e5f444154417c733a3235363a2236666438633831656237373362613932623932376338613839336432656333613666316563633564366633383361303863346163326334376532633365333839353835353466663237366161313633626464663336376363613366646538646266393662653666376364363330636438323030356365366135356531626435332b7a4b69364b584444306f75397a4239516a4f413553517079614562514651505453796c4a525a6f477a55414d3461546e766c2f76424b732f4561762f67484b545162473150356757786f654b79334c306879315866795939544f45534f4f347a33496562753445385a7747483361796a6f6a467858737265446b472b594f43223b),
('7fipbf0hp6kgb6sf0adhi0kqep0cu64h', '::1', 1623987113, 0x5f5f63695f6c6173745f726567656e65726174657c693a313632333938373131333b7265646972656374696f6e7c4e3b6f726465725f7175616e746974797c613a313a7b693a323b613a323a7b733a333a22717479223b643a313b733a353a227072696365223b643a31333030303b7d7d746f74616c5f70726963657c643a31383030303b5f5f4143544956455f53455353494f4e5f444154417c733a3235363a2234356330366566303932306532336130653238363262666666653739643336383933616236316239366136366230346237663064633964633238356433323632316133393936316230343336643161633931653232346562373534363436623666636439386238663734326238376166623631653462366165666137633665646c3142312f38376e3137794b435a35567a447a684749482f366930684b66502b424b494254657550563847536e636d384630725177393236447451745953307246536752643730434965616e79435154376e4b736647554b2f424b6e742b377666494d4a5a4c675356305744635a4862576e48583934755751743931492f364d223b),
('jjief0vsu89ag6ugnkibfgdprcuurvfh', '::1', 1623987414, 0x5f5f63695f6c6173745f726567656e65726174657c693a313632333938373431343b7265646972656374696f6e7c4e3b6f726465725f7175616e746974797c613a313a7b693a323b613a323a7b733a333a22717479223b643a313b733a353a227072696365223b643a31333030303b7d7d746f74616c5f70726963657c643a31383030303b5f5f4143544956455f53455353494f4e5f444154417c733a3235363a226135353963353032613733343737393162323330653436303561326234666335366532653432643934666564643765616135323430323562623531383265653766646433303966373434616434363832393861353533366231373964383166356262303130613935303536343731323437656239383336646134326332643831665a71796970705268386f316339794f6159612b3477716e6c665a707838366e666c464657743777752f796d70526964316c494d366d3154775a324f504533304c332f6f755878387a386b62576247594170354a2f304d476e48733250645562645775504e4b396a4b4e7a436f65446e6c6f57576b6d6b78486f70446a617465223b),
('snt97hv4jamkf279m627mdv6vj5eb2eg', '::1', 1623987761, 0x5f5f63695f6c6173745f726567656e65726174657c693a313632333938373736313b7265646972656374696f6e7c4e3b6f726465725f7175616e746974797c613a313a7b693a323b613a323a7b733a333a22717479223b643a313b733a353a227072696365223b643a31333030303b7d7d746f74616c5f70726963657c643a31383030303b5f5f4143544956455f53455353494f4e5f444154417c733a3235363a22666234316665373464333636616561353636323335306338323164363330383739386261663634326431376136643065653536666565333033383963306438646535623139363936356261316236646431383130306235613363346363333930313363666564366531376661666233343736313236666666663663333663333246625961684c34594563357975575951595737574a74594433512f2b36677154584a6d4b394845397a53416b774b3162515933534664414a494b7a3154543168786c5442492f79744152306578454b61756e33517a2f6f48334f577852446950586b6b71595343466574497154784d734132486c37494f616d2b396961667a6a223b636172745f636f6e74656e74737c613a333a7b733a31303a22636172745f746f74616c223b643a31303030303b733a31313a22746f74616c5f6974656d73223b643a313b733a33323a226534646133623766626263653233343564373737326230363734613331386435223b613a363a7b733a323a226964223b733a313a2235223b733a333a22717479223b643a313b733a353a227072696365223b643a31303030303b733a343a226e616d65223b733a31323a22504953414e47205345474152223b733a353a22726f776964223b733a33323a226534646133623766626263653233343564373737326230363734613331386435223b733a383a22737562746f74616c223b643a31303030303b7d7d),
('ia8do9t8cuc92eg70d43ci1o3omng4ok', '::1', 1623988071, 0x5f5f63695f6c6173745f726567656e65726174657c693a313632333938383037313b7265646972656374696f6e7c4e3b6c6f67696e5f666c6173687c733a31363a22426572686173696c206c6f676f757421223b5f5f63695f766172737c613a313a7b733a31313a226c6f67696e5f666c617368223b733a333a226f6c64223b7d),
('vethg6dhercdii8r1524c4m3pki38va2', '::1', 1623988587, 0x5f5f63695f6c6173745f726567656e65726174657c693a313632333938383538373b7265646972656374696f6e7c4e3b5f5f4143544956455f53455353494f4e5f444154417c733a3235363a2263646163333261376233343733363131376638313038383964626337396166613035623635666263356637663936393566653761383065356361363563356464346561616431316434633635343035323936313734393433633431373361323131346564656331393563363164313738613865633962643335323136333166636a566979395837786370396230666d4f7630386d5152522f433638324b6a56735254437a6a793936714c4c522f2f6133776272594e6a516a7935534661446c7967464a6a773751644f3949576e493362764662644b6f74445044536968737831715a6c386938563739662f437973414a5065636f742b76504c376c6167747868223b),
('rsg7cp0dit5g1tfsoisd0nsm3oe44jjf', '::1', 1623989098, 0x5f5f63695f6c6173745f726567656e65726174657c693a313632333938393039383b7265646972656374696f6e7c4e3b5f5f4143544956455f53455353494f4e5f444154417c733a3235363a2263646163333261376233343733363131376638313038383964626337396166613035623635666263356637663936393566653761383065356361363563356464346561616431316434633635343035323936313734393433633431373361323131346564656331393563363164313738613865633962643335323136333166636a566979395837786370396230666d4f7630386d5152522f433638324b6a56735254437a6a793936714c4c522f2f6133776272594e6a516a7935534661446c7967464a6a773751644f3949576e493362764662644b6f74445044536968737831715a6c386938563739662f437973414a5065636f742b76504c376c6167747868223b),
('282c5krdpsfmekg8vvj7driiqep40439', '::1', 1623989401, 0x5f5f63695f6c6173745f726567656e65726174657c693a313632333938393430313b7265646972656374696f6e7c4e3b5f5f4143544956455f53455353494f4e5f444154417c733a3235363a2263646163333261376233343733363131376638313038383964626337396166613035623635666263356637663936393566653761383065356361363563356464346561616431316434633635343035323936313734393433633431373361323131346564656331393563363164313738613865633962643335323136333166636a566979395837786370396230666d4f7630386d5152522f433638324b6a56735254437a6a793936714c4c522f2f6133776272594e6a516a7935534661446c7967464a6a773751644f3949576e493362764662644b6f74445044536968737831715a6c386938563739662f437973414a5065636f742b76504c376c6167747868223b),
('86pg0rm27ko6l4dkd17geibtmke52qkt', '::1', 1623989872, 0x5f5f63695f6c6173745f726567656e65726174657c693a313632333938393837323b7265646972656374696f6e7c4e3b5f5f4143544956455f53455353494f4e5f444154417c733a3235363a2263646163333261376233343733363131376638313038383964626337396166613035623635666263356637663936393566653761383065356361363563356464346561616431316434633635343035323936313734393433633431373361323131346564656331393563363164313738613865633962643335323136333166636a566979395837786370396230666d4f7630386d5152522f433638324b6a56735254437a6a793936714c4c522f2f6133776272594e6a516a7935534661446c7967464a6a773751644f3949576e493362764662644b6f74445044536968737831715a6c386938563739662f437973414a5065636f742b76504c376c6167747868223b),
('m8h9tq1rqj91v3tclu9tq9cgf1unhm1m', '::1', 1623990197, 0x5f5f63695f6c6173745f726567656e65726174657c693a313632333939303139373b7265646972656374696f6e7c4e3b5f5f4143544956455f53455353494f4e5f444154417c733a3235363a2263646163333261376233343733363131376638313038383964626337396166613035623635666263356637663936393566653761383065356361363563356464346561616431316434633635343035323936313734393433633431373361323131346564656331393563363164313738613865633962643335323136333166636a566979395837786370396230666d4f7630386d5152522f433638324b6a56735254437a6a793936714c4c522f2f6133776272594e6a516a7935534661446c7967464a6a773751644f3949576e493362764662644b6f74445044536968737831715a6c386938563739662f437973414a5065636f742b76504c376c6167747868223b),
('rkf22s9pl1hb7lqd5hbcps27judsv5du', '::1', 1623991103, 0x5f5f63695f6c6173745f726567656e65726174657c693a313632333939313130333b7265646972656374696f6e7c4e3b5f5f4143544956455f53455353494f4e5f444154417c733a3235363a2263646163333261376233343733363131376638313038383964626337396166613035623635666263356637663936393566653761383065356361363563356464346561616431316434633635343035323936313734393433633431373361323131346564656331393563363164313738613865633962643335323136333166636a566979395837786370396230666d4f7630386d5152522f433638324b6a56735254437a6a793936714c4c522f2f6133776272594e6a516a7935534661446c7967464a6a773751644f3949576e493362764662644b6f74445044536968737831715a6c386938563739662f437973414a5065636f742b76504c376c6167747868223b),
('cm8sf1rp499q4daitic5ida8tv6cqcdl', '::1', 1623991413, 0x5f5f63695f6c6173745f726567656e65726174657c693a313632333939313431333b7265646972656374696f6e7c4e3b5f5f4143544956455f53455353494f4e5f444154417c733a3235363a2235396464363731383263613133373433663661376636353666373864343833663939366264616163643332373862316262393138636137303536343964313866623165323135396432613430333537396462653364336335393330363761346233323634343930656566343438623161666131383564303965633265636130306a51786931582b4435534c445767612b6145357a52584a4f674d76316b6e5567317679386175304630436e4d7555622f7136797963385535704f45386c5065536c4b4731522b58626477563530726e72434a6d3833686264786932784b747070647143433271497342627a7946454b514377786871374a4f4845414443787955223b),
('2rkn242uc2talhpk7q87s9tbiq4b98b8', '::1', 1623991718, 0x5f5f63695f6c6173745f726567656e65726174657c693a313632333939313731383b7265646972656374696f6e7c4e3b5f5f4143544956455f53455353494f4e5f444154417c733a3235363a2235396464363731383263613133373433663661376636353666373864343833663939366264616163643332373862316262393138636137303536343964313866623165323135396432613430333537396462653364336335393330363761346233323634343930656566343438623161666131383564303965633265636130306a51786931582b4435534c445767612b6145357a52584a4f674d76316b6e5567317679386175304630436e4d7555622f7136797963385535704f45386c5065536c4b4731522b58626477563530726e72434a6d3833686264786932784b747070647143433271497342627a7946454b514377786871374a4f4845414443787955223b636172745f636f6e74656e74737c613a333a7b733a31303a22636172745f746f74616c223b643a343030303b733a31313a22746f74616c5f6974656d73223b643a313b733a33323a226138376666363739613266336537316439313831613637623735343231323263223b613a363a7b733a323a226964223b733a313a2234223b733a333a22717479223b643a313b733a353a227072696365223b643a343030303b733a343a226e616d65223b733a31363a22534152492042554148204d414e474741223b733a353a22726f776964223b733a33323a226138376666363739613266336537316439313831613637623735343231323263223b733a383a22737562746f74616c223b643a343030303b7d7d),
('kmg47pkabmketbr3gv4kocquqqp1ub0a', '::1', 1623992041, 0x5f5f63695f6c6173745f726567656e65726174657c693a313632333939323034313b7265646972656374696f6e7c4e3b5f5f4143544956455f53455353494f4e5f444154417c733a3235363a2233366132666533643230333061356132333535393433383936613165643534376166376663663535633235316236373530393934346462336138343163313530383035313932653164376634383838376233353233646339656137326430343830313364396333313036333736363565626237383263616437663466336133375465713565374456454d5a622f514c5577743349674b586a6c5a7376695a7438796b425038787648333858646274524232575738314e2b52336c7872454a4a6a584b71357930653857436f4551385970454a435a6344312f372f61525650786d5563486366746e4b4b693837344b6f42616664584e57704d4257456e6d555558223b),
('fchq6t4016i36umk2eaf9efu67b3prnb', '::1', 1623992344, 0x5f5f63695f6c6173745f726567656e65726174657c693a313632333939323334343b7265646972656374696f6e7c4e3b5f5f4143544956455f53455353494f4e5f444154417c733a3235363a2233366132666533643230333061356132333535393433383936613165643534376166376663663535633235316236373530393934346462336138343163313530383035313932653164376634383838376233353233646339656137326430343830313364396333313036333736363565626237383263616437663466336133375465713565374456454d5a622f514c5577743349674b586a6c5a7376695a7438796b425038787648333858646274524232575738314e2b52336c7872454a4a6a584b71357930653857436f4551385970454a435a6344312f372f61525650786d5563486366746e4b4b693837344b6f42616664584e57704d4257456e6d555558223b),
('bje0cj1kita6paagdvkp8u717bsve21k', '::1', 1623992659, 0x5f5f63695f6c6173745f726567656e65726174657c693a313632333939323635393b7265646972656374696f6e7c4e3b5f5f4143544956455f53455353494f4e5f444154417c733a3235363a2233366132666533643230333061356132333535393433383936613165643534376166376663663535633235316236373530393934346462336138343163313530383035313932653164376634383838376233353233646339656137326430343830313364396333313036333736363565626237383263616437663466336133375465713565374456454d5a622f514c5577743349674b586a6c5a7376695a7438796b425038787648333858646274524232575738314e2b52336c7872454a4a6a584b71357930653857436f4551385970454a435a6344312f372f61525650786d5563486366746e4b4b693837344b6f42616664584e57704d4257456e6d555558223b),
('2hc2ghfhput834bf98h0g0o8d1tjc1hn', '::1', 1623993009, 0x5f5f63695f6c6173745f726567656e65726174657c693a313632333939333030393b7265646972656374696f6e7c4e3b5f5f4143544956455f53455353494f4e5f444154417c733a3235363a223462623138356363643831663631343436626334346530373338316263356666363933363634323234373233623730623765313238386461376238323862663437373232663462663635376665333566376563386634356333393061313662646661356630393366376231343765303639656630363064393562373934383831736f6f783256315a71423632562f333032327647706b45756731637661304c4268364e485577357678586e6753513749343042756f596a483745776b797267374e62367132597a3964777744755043652f34556f2b6c463832394a59687949694b314468484465516841627a4755686959657555433065514c5034715a577145223b),
('3dr5v2p3j4c16s9sq1t7ngjjuff4dsr8', '::1', 1623993428, 0x5f5f63695f6c6173745f726567656e65726174657c693a313632333939333432383b7265646972656374696f6e7c4e3b),
('hsp7lr2o8k1n2jhc6fvqhdh90edel9kl', '::1', 1623993901, 0x5f5f63695f6c6173745f726567656e65726174657c693a313632333939333930313b7265646972656374696f6e7c4e3b),
('2hecckddi8akl2eke1pbon3p4spul738', '::1', 1623994272, 0x5f5f63695f6c6173745f726567656e65726174657c693a313632333939343237323b7265646972656374696f6e7c4e3b),
('a1jjcvl31296i49l6454ducs5g7sosdl', '::1', 1623996666, 0x5f5f63695f6c6173745f726567656e65726174657c693a313632333939363636363b7265646972656374696f6e7c4e3b),
('hk9piq6g67ioembmgnuieqahhh44vju1', '::1', 1623996729, 0x5f5f63695f6c6173745f726567656e65726174657c693a313632333939363636363b7265646972656374696f6e7c4e3b);

-- --------------------------------------------------------

--
-- Struktur dari tabel `contacts`
--

CREATE TABLE `contacts` (
  `id` int(10) NOT NULL,
  `parent_id` int(10) DEFAULT NULL,
  `name` varchar(32) NOT NULL,
  `subject` varchar(128) DEFAULT NULL,
  `email` varchar(64) NOT NULL,
  `message` mediumtext NOT NULL,
  `contact_date` datetime DEFAULT NULL,
  `status` tinyint(1) DEFAULT 1,
  `reply_at` datetime DEFAULT NULL
) ENGINE=InnoDB DEFAULT CHARSET=utf8mb4;

--
-- Dumping data untuk tabel `contacts`
--

INSERT INTO `contacts` (`id`, `parent_id`, `name`, `subject`, `email`, `message`, `contact_date`, `status`, `reply_at`) VALUES
(1, NULL, 'Pembeli1', 'Pengiriman kok lama?', 'aaaaaa@gmail.com', 'pengiriman pesanan saya kok lama ya', '2020-03-29 07:40:13', 2, NULL);

-- --------------------------------------------------------

--
-- Struktur dari tabel `coupons`
--

CREATE TABLE `coupons` (
  `id` bigint(20) NOT NULL,
  `name` varchar(191) NOT NULL,
  `code` varchar(32) NOT NULL,
  `credit` decimal(8,2) NOT NULL,
  `start_date` date NOT NULL,
  `expired_date` date NOT NULL,
  `is_active` tinyint(4) DEFAULT 1
) ENGINE=InnoDB DEFAULT CHARSET=utf8mb4;

--
-- Dumping data untuk tabel `coupons`
--

INSERT INTO `coupons` (`id`, `name`, `code`, `credit`, `start_date`, `expired_date`, `is_active`) VALUES
(1, '#DiRumahAja', 'DIRUMAHAJA19', '5000.00', '2020-03-27', '2020-04-03', 1);

-- --------------------------------------------------------

--
-- Struktur dari tabel `customers`
--

CREATE TABLE `customers` (
  `id` bigint(20) NOT NULL,
  `user_id` bigint(20) UNSIGNED DEFAULT NULL,
  `name` varchar(191) NOT NULL,
  `phone_number` varchar(32) DEFAULT NULL,
  `address` varchar(191) NOT NULL,
  `profile_picture` varchar(191) DEFAULT NULL
) ENGINE=InnoDB DEFAULT CHARSET=utf8mb4;

--
-- Dumping data untuk tabel `customers`
--

INSERT INTO `customers` (`id`, `user_id`, `name`, `phone_number`, `address`, `profile_picture`) VALUES
(7, 8, 'Pembeli1', '087741130522', 'Jln. Merdeka Barat- Jakarta Indonesia', NULL),
(9, 11, 'Pembeli4', '0870000000', 'Jln.Merdeka Barat - Jakarta', NULL),
(10, 12, 'Nataya', '085445678553', 'Bandung', NULL);

-- --------------------------------------------------------

--
-- Struktur dari tabel `orders`
--

CREATE TABLE `orders` (
  `id` bigint(20) NOT NULL,
  `user_id` bigint(20) UNSIGNED DEFAULT NULL,
  `coupon_id` bigint(20) DEFAULT NULL,
  `order_number` varchar(16) NOT NULL,
  `order_status` enum('1','2','3','4','5') DEFAULT '1',
  `order_date` datetime NOT NULL,
  `total_price` decimal(8,2) DEFAULT NULL,
  `total_items` int(10) DEFAULT NULL,
  `payment_method` int(11) DEFAULT 1,
  `delivery_data` text DEFAULT NULL,
  `delivered_date` datetime DEFAULT NULL,
  `finish_date` datetime DEFAULT NULL
) ENGINE=InnoDB DEFAULT CHARSET=utf8mb4;

--
-- Dumping data untuk tabel `orders`
--

INSERT INTO `orders` (`id`, `user_id`, `coupon_id`, `order_number`, `order_status`, `order_date`, `total_price`, `total_items`, `payment_method`, `delivery_data`, `delivered_date`, `finish_date`) VALUES
(12, 8, NULL, 'IUK26102018329', '3', '2020-10-26 07:09:37', '18000.00', 1, 1, '{\"customer\":{\"name\":\"Pembeli1\",\"phone_number\":\"087741130522\",\"address\":\"Jln. Merdeka Barat- Jakarta Indonesia\"},\"note\":\"\\u30a2\\u30ea\\u30d5\\u3055\\u3093\\r\\n\\r\\n28\\u65e5\\u3067\\u3057\\u305f\\u3089\\u30a4\\u30f3\\u30c9\\u30cd\\u30b7\\u30a2\\u6642\\u9593\\u306713\\u6642\\uff5e14\\u6642\\u306a\\u3089\\r\\n\\u30df\\u30fc\\u30c6\\u30a3\\u30f3\\u30b0\\u3067\\u304d\\u307e\\u3059\\u3002\\r\\n28\\u65e5\\u306b\\u30b7\\u30e3\\u30ea\\u3055\\u3093\\u30fb\\u30b5\\u30d2\\u30c9\\u3055\\u3093\\u306f\\u5927\\u4e08\\u592b\\u3067\\u3059\\u304b\\uff1f\\r\\n\\r\\n\\u576a\\u4e95\\r\\n\"}', NULL, NULL),
(14, 11, NULL, 'ASV261020111546', '5', '2020-10-26 08:37:53', '60000.00', 1, 1, '{\"customer\":{\"name\":\"Pembeli4\",\"phone_number\":\"0870000000\",\"address\":\"Jln.Merdeka Barat - Jakarta\"},\"note\":\"Tolong Dikirim Sesuai Pesanan ya Ka..\"}', NULL, NULL),
(15, 12, NULL, 'NIL21421112683', '5', '2021-04-21 05:31:05', '20000.00', 1, 1, '{\"customer\":{\"name\":\"Nataya\",\"phone_number\":\"085445678553\",\"address\":\"Bandung\"},\"note\":\"\"}', NULL, NULL),
(16, 12, NULL, 'KQW8621112206', '4', '2021-06-08 04:19:45', '18000.00', 1, 1, '{\"customer\":{\"name\":\"Nataya\",\"phone_number\":\"085445678553\",\"address\":\"Bandung\"},\"note\":\"\"}', NULL, NULL),
(17, 12, NULL, 'JPG8621112589', '3', '2021-06-08 04:35:04', '20000.00', 1, 2, '{\"customer\":{\"name\":\"Nataya\",\"phone_number\":\"085445678553\",\"address\":\"Bandung\"},\"note\":\"\"}', NULL, NULL),
(18, 12, NULL, 'MHW18621112456', '3', '2021-06-18 05:42:50', '15000.00', 1, 2, '{\"customer\":{\"name\":\"Nataya\",\"phone_number\":\"085445678553\",\"address\":\"Bandung\"},\"note\":\"\"}', NULL, NULL),
(19, 12, NULL, 'ZFP18621112098', '4', '2021-06-18 06:50:47', '14000.00', 1, 2, '{\"customer\":{\"name\":\"Nataya\",\"phone_number\":\"085445678553\",\"address\":\"Bandung\"},\"note\":\"\"}', NULL, NULL);

-- --------------------------------------------------------

--
-- Struktur dari tabel `order_item`
--

CREATE TABLE `order_item` (
  `id` bigint(20) NOT NULL,
  `order_id` bigint(20) DEFAULT NULL,
  `product_id` bigint(20) DEFAULT NULL,
  `order_qty` int(10) NOT NULL,
  `order_price` decimal(8,2) DEFAULT NULL
) ENGINE=InnoDB DEFAULT CHARSET=utf8mb4;

--
-- Dumping data untuk tabel `order_item`
--

INSERT INTO `order_item` (`id`, `order_id`, `product_id`, `order_qty`, `order_price`) VALUES
(3, 4, 2, 1, '31000.00'),
(4, 4, 8, 13, '20000.00'),
(5, 5, 2, 1, '31000.00'),
(6, 5, 13, 12, '20000.00'),
(7, 6, 9, 10, '35000.00'),
(8, 7, 10, 1, '12000.00'),
(9, 7, 9, 1, '35000.00'),
(10, 7, 2, 1, '31000.00'),
(11, 8, 9, 1, '35000.00'),
(12, 8, 1, 5, '65000.00'),
(14, 12, 2, 1, '13000.00'),
(15, 13, 5, 3, '10000.00'),
(16, 14, 1, 3, '20000.00'),
(17, 15, 1, 1, '20000.00'),
(18, 16, 2, 1, '13000.00'),
(19, 17, 1, 1, '20000.00'),
(20, 18, 5, 1, '10000.00'),
(21, 19, 2, 1, '9000.00');

-- --------------------------------------------------------

--
-- Struktur dari tabel `payments`
--

CREATE TABLE `payments` (
  `id` bigint(20) NOT NULL,
  `order_id` bigint(20) DEFAULT NULL,
  `payment_price` decimal(8,2) DEFAULT NULL,
  `payment_date` datetime NOT NULL,
  `picture_name` varchar(191) DEFAULT NULL,
  `payment_status` enum('1','2','3') DEFAULT '1',
  `confirmed_date` datetime DEFAULT NULL,
  `payment_data` text DEFAULT NULL
) ENGINE=InnoDB DEFAULT CHARSET=utf8mb4;

--
-- Dumping data untuk tabel `payments`
--

INSERT INTO `payments` (`id`, `order_id`, `payment_price`, `payment_date`, `picture_name`, `payment_status`, `confirmed_date`, `payment_data`) VALUES
(6, 12, '40000.00', '2020-10-26 07:13:04', 'Tak_berjudul31_20201026111339.jpg', '2', NULL, '{\"transfer_to\":\"mandiri\",\"source\":{\"bank\":\"Mandiri\",\"name\":\"Pembeli1\",\"number\":\"0987654321\"}}'),
(7, 13, '30000.00', '2020-10-26 07:16:59', 'Tak_berjudul31_20201026111236.jpg', '1', NULL, '{\"transfer_to\":\"bca\",\"source\":{\"bank\":\"BCA\",\"name\":\"Pembeli2\",\"number\":\"1122334455\"}}'),
(8, 14, '60000.00', '2020-10-26 08:38:26', 'Bukti_Transfer.jpg', '2', NULL, '{\"transfer_to\":\"mandiri\",\"source\":{\"bank\":\"Mandiri\",\"name\":\"Pembeli4\",\"number\":\"123456789\"}}'),
(9, 16, '18.00', '2021-06-08 04:20:33', 'kinci.jpg', '2', NULL, '{\"transfer_to\":\"mandiri\",\"source\":{\"bank\":\"BRI\",\"name\":\"Nataya\",\"number\":\"12345678911234\"}}');

-- --------------------------------------------------------

--
-- Struktur dari tabel `products`
--

CREATE TABLE `products` (
  `id` bigint(20) NOT NULL,
  `category_id` int(10) DEFAULT NULL,
  `sku` varchar(32) DEFAULT NULL,
  `name` varchar(191) NOT NULL,
  `description` varchar(191) DEFAULT NULL,
  `picture_name` varchar(191) DEFAULT NULL,
  `price` decimal(8,2) NOT NULL,
  `current_discount` decimal(8,2) DEFAULT 0.00,
  `stock` int(10) NOT NULL,
  `product_unit` varchar(32) DEFAULT NULL,
  `is_available` tinyint(1) DEFAULT 1,
  `add_date` datetime DEFAULT NULL
) ENGINE=InnoDB DEFAULT CHARSET=utf8mb4;

--
-- Dumping data untuk tabel `products`
--

INSERT INTO `products` (`id`, `category_id`, `sku`, `name`, `description`, `picture_name`, `price`, `current_discount`, `stock`, `product_unit`, `is_available`, `add_date`) VALUES
(1, 2, 'SB750372', 'SIRUP POKAK', NULL, 'p_1.jpg', '10000.00', '0.00', 50, 'Pcs', 1, '2020-03-26 15:02:52'),
(2, 2, 'BS350420', 'SIRUP MANGGA', NULL, 'p_2.jpg', '9000.00', '0.00', 50, 'Pcs', 1, '2020-03-26 15:03:40'),
(4, 9, 'TS120790', 'SARI BUAH MANGGA', NULL, 'p_6_(2).jpg', '4000.00', '0.00', 50, 'Pcs', 1, '2020-03-26 19:36:30'),
(5, 9, 'WS120811', 'SARI BUAH POKAK', NULL, 'p_4_(2).jpg', '4000.00', '0.00', 50, 'Pcs', 1, '2020-03-26 19:36:51'),
(8, 10, 'PS220885', 'MANISAN MANGGA', NULL, 'p_5.jpg', '13000.00', '0.00', 50, 'Pcs', 1, '2020-03-26 19:38:05');

-- --------------------------------------------------------

--
-- Struktur dari tabel `product_category`
--

CREATE TABLE `product_category` (
  `id` int(10) NOT NULL,
  `name` varchar(191) NOT NULL
) ENGINE=InnoDB DEFAULT CHARSET=utf8mb4;

--
-- Dumping data untuk tabel `product_category`
--

INSERT INTO `product_category` (`id`, `name`) VALUES
(2, 'SIRUP'),
(9, 'SARI BUAH'),
(10, 'MANISAN');

-- --------------------------------------------------------

--
-- Struktur dari tabel `reviews`
--

CREATE TABLE `reviews` (
  `id` bigint(20) NOT NULL,
  `user_id` bigint(20) UNSIGNED DEFAULT NULL,
  `order_id` bigint(20) DEFAULT NULL,
  `title` varchar(191) DEFAULT NULL,
  `review_text` mediumtext NOT NULL,
  `review_date` datetime NOT NULL,
  `status` tinyint(1) NOT NULL DEFAULT 1
) ENGINE=InnoDB DEFAULT CHARSET=utf8mb4;

--
-- Dumping data untuk tabel `reviews`
--

INSERT INTO `reviews` (`id`, `user_id`, `order_id`, `title`, `review_text`, `review_date`, `status`) VALUES
(4, 8, 12, 'Toko Oleh-Oleh', 'Sangat Puas Dengan Pelayanan dan Produknya ', '2020-10-26 07:13:38', 1),
(5, 10, 13, 'Toko Oleh-Oleh', 'Pesanan Dikrim Tepat Waktu dan Kualitas Baik', '2020-10-26 07:17:35', 1),
(6, 11, 14, 'Toko Oleh-Oleh', 'Sangat Puas Dengan Pelayanan Adminnya', '2020-10-26 08:38:48', 1);

-- --------------------------------------------------------

--
-- Struktur dari tabel `roles`
--

CREATE TABLE `roles` (
  `id` int(10) NOT NULL,
  `role_name` varchar(191) NOT NULL
) ENGINE=InnoDB DEFAULT CHARSET=utf8mb4;

--
-- Dumping data untuk tabel `roles`
--

INSERT INTO `roles` (`id`, `role_name`) VALUES
(1, 'Admin'),
(2, 'Customer');

-- --------------------------------------------------------

--
-- Struktur dari tabel `settings`
--

CREATE TABLE `settings` (
  `id` int(10) NOT NULL,
  `key` varchar(32) NOT NULL,
  `content` varchar(191) NOT NULL
) ENGINE=InnoDB DEFAULT CHARSET=utf8mb4;

--
-- Dumping data untuk tabel `settings`
--

INSERT INTO `settings` (`id`, `key`, `content`) VALUES
(1, 'current_theme_name', 'vegefoods'),
(2, 'store_name', 'Toko Oleh-Oleh'),
(3, 'store_phone_number', '02100110003'),
(4, 'store_email', 'tokooleholeh@gmail.com'),
(5, 'store_tagline', 'Belanja Oleh-Oleh Berkualitas'),
(6, 'store_logo', 'Logo.jpg'),
(7, 'max_product_image_size', '20000'),
(8, 'store_description', 'Belanja oleh-oleh dengan murah, mudah dan cepat'),
(9, 'store_address', 'Jl. Melati - Gending, Probolinggo'),
(10, 'min_shop_to_free_shipping_cost', '20000'),
(11, 'shipping_cost', '5000'),
(12, 'payment_banks', '{\"mandiri\":{\"bank\":\"Mandiri\",\"number\":\"1234567890\",\"name\":\"Toko Buah Segar\"},\"bca\":{\"bank\":\"BCA\",\"number\":\"0987654321\",\"name\":\"Toko Buah Segar\"}}');

-- --------------------------------------------------------

--
-- Struktur dari tabel `users`
--

CREATE TABLE `users` (
  `id` bigint(20) UNSIGNED NOT NULL,
  `name` varchar(50) COLLATE utf8mb4_unicode_ci DEFAULT NULL,
  `email` varchar(191) COLLATE utf8mb4_unicode_ci NOT NULL,
  `email_verified_at` timestamp NULL DEFAULT NULL,
  `username` varchar(16) COLLATE utf8mb4_unicode_ci NOT NULL,
  `password` varchar(191) COLLATE utf8mb4_unicode_ci NOT NULL,
  `profile_picture` varchar(128) COLLATE utf8mb4_unicode_ci DEFAULT NULL,
  `role_id` int(10) DEFAULT 0,
  `register_date` datetime DEFAULT NULL
) ENGINE=InnoDB DEFAULT CHARSET=utf8mb4 COLLATE=utf8mb4_unicode_ci;

--
-- Dumping data untuk tabel `users`
--

INSERT INTO `users` (`id`, `name`, `email`, `email_verified_at`, `username`, `password`, `profile_picture`, `role_id`, `register_date`) VALUES
(7, 'Admin Toko Oleh-Oleh', 'admintokooleholeh@gmail.com', NULL, 'admin', '$2y$10$8g/ydMjIkk4RDX06gUPQS.RCo/lAQujaz4kFvnq1J.0i.8nK9OYAS', '0919f092a8487492631bc84b592a4b0a_icon-wajah1.png', 1, '2020-03-29 08:14:30'),
(8, NULL, 'pembeli@gmail.com', NULL, 'user1', '$2y$10$chkZ5TH8JoBetrJYsujw9eHTSgnp1iLG492o99duNcoYGIVGYP8Lu', NULL, 2, '2020-10-26 06:58:43'),
(11, NULL, 'pembeli4@gmail.com', NULL, 'user4', '$2y$10$P25c7AP7HzotHYvRCvi8XukFH/wKW/IR0uBbOM9pPBKAif8WrR.Iu', NULL, 2, '2020-10-26 08:37:06'),
(12, NULL, 'nana@gmail.com', NULL, 'nana', '$2y$10$yd8x4qrsKse3tN7y0/BPKOvJ/5bzQdsY1KsIKhXjAjOnBP01t4lPW', NULL, 2, '2021-04-21 05:30:18');

--
-- Indexes for dumped tables
--

--
-- Indeks untuk tabel `ci_sessions`
--
ALTER TABLE `ci_sessions`
  ADD KEY `ci_sessions_timestamp` (`timestamp`);

--
-- Indeks untuk tabel `contacts`
--
ALTER TABLE `contacts`
  ADD PRIMARY KEY (`id`),
  ADD KEY `FK_contacts_contacts` (`parent_id`);

--
-- Indeks untuk tabel `coupons`
--
ALTER TABLE `coupons`
  ADD PRIMARY KEY (`id`);

--
-- Indeks untuk tabel `customers`
--
ALTER TABLE `customers`
  ADD PRIMARY KEY (`id`),
  ADD KEY `FK_customers_users` (`user_id`);

--
-- Indeks untuk tabel `orders`
--
ALTER TABLE `orders`
  ADD PRIMARY KEY (`id`),
  ADD KEY `FK_orders_users` (`user_id`),
  ADD KEY `FK_orders_coupons` (`coupon_id`);

--
-- Indeks untuk tabel `order_item`
--
ALTER TABLE `order_item`
  ADD PRIMARY KEY (`id`),
  ADD KEY `order_id` (`order_id`),
  ADD KEY `product_id` (`product_id`);

--
-- Indeks untuk tabel `payments`
--
ALTER TABLE `payments`
  ADD PRIMARY KEY (`id`),
  ADD KEY `order_id` (`order_id`);

--
-- Indeks untuk tabel `products`
--
ALTER TABLE `products`
  ADD PRIMARY KEY (`id`),
  ADD KEY `FK_products_product_category` (`category_id`);

--
-- Indeks untuk tabel `product_category`
--
ALTER TABLE `product_category`
  ADD PRIMARY KEY (`id`);

--
-- Indeks untuk tabel `reviews`
--
ALTER TABLE `reviews`
  ADD PRIMARY KEY (`id`),
  ADD KEY `FK_reviews_users` (`user_id`),
  ADD KEY `FK_reviews_orders` (`order_id`);

--
-- Indeks untuk tabel `roles`
--
ALTER TABLE `roles`
  ADD PRIMARY KEY (`id`);

--
-- Indeks untuk tabel `settings`
--
ALTER TABLE `settings`
  ADD PRIMARY KEY (`id`) USING BTREE;

--
-- Indeks untuk tabel `users`
--
ALTER TABLE `users`
  ADD PRIMARY KEY (`id`) USING BTREE,
  ADD UNIQUE KEY `users_email_unique` (`email`) USING BTREE,
  ADD KEY `role_id` (`role_id`);

--
-- AUTO_INCREMENT untuk tabel yang dibuang
--

--
-- AUTO_INCREMENT untuk tabel `contacts`
--
ALTER TABLE `contacts`
  MODIFY `id` int(10) NOT NULL AUTO_INCREMENT, AUTO_INCREMENT=3;

--
-- AUTO_INCREMENT untuk tabel `coupons`
--
ALTER TABLE `coupons`
  MODIFY `id` bigint(20) NOT NULL AUTO_INCREMENT, AUTO_INCREMENT=4;

--
-- AUTO_INCREMENT untuk tabel `customers`
--
ALTER TABLE `customers`
  MODIFY `id` bigint(20) NOT NULL AUTO_INCREMENT, AUTO_INCREMENT=11;

--
-- AUTO_INCREMENT untuk tabel `orders`
--
ALTER TABLE `orders`
  MODIFY `id` bigint(20) NOT NULL AUTO_INCREMENT, AUTO_INCREMENT=20;

--
-- AUTO_INCREMENT untuk tabel `order_item`
--
ALTER TABLE `order_item`
  MODIFY `id` bigint(20) NOT NULL AUTO_INCREMENT, AUTO_INCREMENT=22;

--
-- AUTO_INCREMENT untuk tabel `payments`
--
ALTER TABLE `payments`
  MODIFY `id` bigint(20) NOT NULL AUTO_INCREMENT, AUTO_INCREMENT=10;

--
-- AUTO_INCREMENT untuk tabel `products`
--
ALTER TABLE `products`
  MODIFY `id` bigint(20) NOT NULL AUTO_INCREMENT, AUTO_INCREMENT=15;

--
-- AUTO_INCREMENT untuk tabel `product_category`
--
ALTER TABLE `product_category`
  MODIFY `id` int(10) NOT NULL AUTO_INCREMENT, AUTO_INCREMENT=12;

--
-- AUTO_INCREMENT untuk tabel `reviews`
--
ALTER TABLE `reviews`
  MODIFY `id` bigint(20) NOT NULL AUTO_INCREMENT, AUTO_INCREMENT=7;

--
-- AUTO_INCREMENT untuk tabel `roles`
--
ALTER TABLE `roles`
  MODIFY `id` int(10) NOT NULL AUTO_INCREMENT, AUTO_INCREMENT=3;

--
-- AUTO_INCREMENT untuk tabel `settings`
--
ALTER TABLE `settings`
  MODIFY `id` int(10) NOT NULL AUTO_INCREMENT, AUTO_INCREMENT=13;

--
-- AUTO_INCREMENT untuk tabel `users`
--
ALTER TABLE `users`
  MODIFY `id` bigint(20) UNSIGNED NOT NULL AUTO_INCREMENT, AUTO_INCREMENT=13;

--
-- Ketidakleluasaan untuk tabel pelimpahan (Dumped Tables)
--

--
-- Ketidakleluasaan untuk tabel `contacts`
--
ALTER TABLE `contacts`
  ADD CONSTRAINT `FK_contacts_contacts` FOREIGN KEY (`parent_id`) REFERENCES `contacts` (`id`) ON DELETE CASCADE ON UPDATE NO ACTION;

--
-- Ketidakleluasaan untuk tabel `customers`
--
ALTER TABLE `customers`
  ADD CONSTRAINT `FK_customers_users` FOREIGN KEY (`user_id`) REFERENCES `users` (`id`) ON DELETE NO ACTION ON UPDATE CASCADE;

--
-- Ketidakleluasaan untuk tabel `orders`
--
ALTER TABLE `orders`
  ADD CONSTRAINT `FK_orders_coupons` FOREIGN KEY (`coupon_id`) REFERENCES `coupons` (`id`) ON DELETE SET NULL ON UPDATE CASCADE,
  ADD CONSTRAINT `FK_orders_users` FOREIGN KEY (`user_id`) REFERENCES `users` (`id`) ON DELETE NO ACTION ON UPDATE CASCADE;

--
-- Ketidakleluasaan untuk tabel `payments`
--
ALTER TABLE `payments`
  ADD CONSTRAINT `FK_payments_orders` FOREIGN KEY (`order_id`) REFERENCES `orders` (`id`) ON DELETE NO ACTION ON UPDATE NO ACTION;
COMMIT;

/*!40101 SET CHARACTER_SET_CLIENT=@OLD_CHARACTER_SET_CLIENT */;
/*!40101 SET CHARACTER_SET_RESULTS=@OLD_CHARACTER_SET_RESULTS */;
/*!40101 SET COLLATION_CONNECTION=@OLD_COLLATION_CONNECTION */;
